{"cameraMode":{"drawMode":0,"name":"Shaded","section":"Shading Mode"},"sceneLighting":true,"audioPlay":false,"sceneViewState":{"m_AlwaysRefresh":false,"showFog":true,"showSkybox":true,"showFlares":true,"showImageEffects":true,"showParticleSystems":true,"showVisualEffectGraphs":true,"m_FxEnabled":true},"in2DMode":false,"pivot":{"x":3.233442544937134,"y":0.2627081573009491,"z":-11.491493225097657},"rotation":{"x":-0.013973974622786045,"y":-0.9697108268737793,"z":-0.05645979195833206,"w":0.2375921756029129},"size":0.810299813747406,"orthographic":false}